m,q,a,requested_digits,guard_digits,working_bits,planned_direct_depth,planned_transformed_depth,selected_regime,retained_depth,value,R_tail,R_rec,R_sum,R_trans,R_coef,R_total,certified_digits
1.0e-6,0.99999900000049999983,0,1000,50,3553,49171,1,transformed,1,1772.4538509055160272981674833411451827975494561223871282138077898529112845910322,4.2634414562355211539e-17145256,1.0919944503088687753e-4287380,4.8865274439860126738e-1067,1.9546109775944050695e-1066,0.0,2.4432637219930063369e-1066,1065.612
0.0001,0.9999000049998333375,0,1000,50,3553,4918,1,transformed,1,177.24538509055160272981674833411451827975494561223871282138077898529112845910322,9.1286485190105915196e-171451,4.1771683303965486498e-43930,4.8865274439860126738e-1068,1.9546109775944050695e-1067,0.0,2.4432637219930063369e-1067,1066.612
1.0,0.3678794411714423216,0,1000,50,3553,50,16,transformed,16,1.772637204826652153031250551157858481343386045372246053831590510879968680839634,6.3774633757092416174e-1239,3.0329612265044900869e-1073,2.4435164687618816994e-1069,1.9548131750095053595e-1069,0.0,4.3986329398940375079e-1069,1068.357
10.0,0.000045399929762484851536,0,1000,50,3553,16,50,direct,16,1.0000907998595249781997796936142990918805842044198472687837214725868716151206583,1.548735649544225862e-1255,1.501971987317643113e-1073,1.3785891061408517049e-1069,0.0,0.0,1.3787393033395834692e-1069,1068.861
100.0,3.720075976020835963e-44,1/2,1000,50,3553,5,157,direct,5,0.000000000027775887729928041189323527492173713820799520760410111167095599921762736276962899,2.5517842608734570819e-1835,3.063044774994323708e-1080,2.297283581245742781e-1080,0.0,0.0,5.3603283562400664891e-1080,1079.271
1.0,0.3678794411714423216,1/3,1000,50,3553,50,16,transformed,16,1.7723621739449479644316259494327885335387196246813540766637785775188249892298999,6.3774633757092416174e-1239,1.5164806132522450434e-1073,2.4433900953774440181e-1069,1.9547120763019552145e-1069,0.0,4.3982538197407244572e-1069,1068.357
